filename,annotator,region,cell_type,cell_number,n_triangles,volume_um3,surface_area_um2,x_span_um,y_span_um,z_span_um,x_centroid_um,y_centroid_um,z_centroid_um,lateral_spread_um,xy_footprint_um2,hull_volume_um3,hull_area_um2,sa_v_ratio,sphericity,aspect_ratio,branching_index,terminal_size,ipl_depth_pct
KM_dorsal_s2_ (1).stl,KM,Dorsal,S2, (1),45656,5.605472696014865,103.50396875798847,7.133187499999991,4.666109374999991,8.19032421875,119.73299008133971,158.20295748653427,54.95703196321404,7.133187499999991,33.28423306738271,54.01039024902564,88.85217947338515,18.46480651517101,0.14743546010414704,1.1481997660583028,3.1096996751719796,Medium,9.902337827818833
KM_dorsal_s2_ (10).stl,KM,Dorsal,S2, (10),40404,4.395701777865069,88.47328119770322,6.094531250000003,4.929312500000009,6.2016171875000055,95.82756160042683,143.3890185354482,67.06315153309001,6.094531250000003,30.041849072265695,48.46019068392419,79.88178884508666,20.127225564577188,0.14667546394627143,1.0175708242533013,2.9450011876725917,Medium,42.74033722736934
KM_dorsal_s2_ (11).stl,KM,Dorsal,S2, (11),40418,4.606713690277695,88.6345977817973,9.439546875000005,2.9296875,5.041652343749995,97.3887337159367,147.04746144379774,66.69963660177577,9.439546875000005,27.654922485351577,28.843426718932733,63.621837269927,19.240309630888817,0.1510572800722443,0.5340989785328009,3.2050206551381875,Medium,41.754298470084294
KM_dorsal_s2_ (12).stl,KM,Dorsal,S2, (12),26508,6.543313062878647,67.27823077710502,8.985664062500007,4.494078125000016,5.638257812500001,97.0741511771407,155.43492271653054,68.47653571641895,8.985664062500007,40.382276301880054,50.0176673315817,82.32307646401478,10.281982556938338,0.2514633490103509,0.627472580021127,1.6660336399603306,Medium,46.57415934481978
KM_dorsal_s2_ (13).stl,KM,Dorsal,S2, (13),50844,5.7484761361984935,107.53439190716222,5.2937031250000075,3.800578124999987,6.935781250000005,93.70413165039754,156.49099056632377,74.06915342528534,5.2937031250000075,20.1191322971191,39.74992945406038,68.71488065487607,18.706590992004266,0.14431292506509721,1.3101946003063774,5.344882190697671,Medium,61.74420420565635
KM_dorsal_s2_ (14).stl,KM,Dorsal,S2, (14),47416,6.748073915213829,100.87571845993962,10.198531249999988,4.969093749999985,5.222453125000001,97.49848393551667,157.0139595565491,71.28466721791563,10.198531249999988,50.67745789355447,61.6180739468499,97.91675908812861,14.948816466356552,0.1711922254218017,0.5120789451912507,1.9905441719634822,Medium,54.19125085195012
KM_dorsal_s2_ (15).stl,KM,Dorsal,S2, (15),73204,6.958067290271197,155.21167108601702,8.684265624999995,6.114531249999999,6.7606015625,97.69790240799684,168.66974667168688,75.98226741565807,8.684265624999995,53.10021354736324,94.5738689139338,128.94388932796596,22.30672176784417,0.11355828699786125,0.7784885739834799,2.9229952332974047,Medium,66.93354961931438
KM_dorsal_s2_ (16).stl,KM,Dorsal,S2, (16),43490,4.75970228080743,89.83029447624929,5.293156249999996,4.5665234374999955,3.9933945312500043,98.34996529536244,131.47157476611002,64.71237627346085,5.293156249999996,24.171322073974565,19.08123621770189,42.24634353949427,18.873091041528465,0.152328498090701,0.7544448609938555,3.7163997153871122,Medium,36.36383019564741
KM_dorsal_s2_ (17).stl,KM,Dorsal,S2, (17),46600,4.639160375019163,96.31779515164928,6.833367187500002,5.767992187499985,5.288570312499999,100.77302927021861,129.14558972538896,62.522148929916625,6.833367187500002,39.41480855181876,48.82799488129444,83.65949970116816,20.76190244905069,0.13965951073062285,0.773933284629306,2.4436956233091935,Medium,30.422811376441985
KM_dorsal_s2_ (18).stl,KM,Dorsal,S2, (18),33090,6.6488760933788775,75.83750279538864,8.192984374999995,4.8577031250000005,4.622644531250003,98.55156676724465,135.2143055815264,62.702060228063296,8.192984374999995,39.79908580151365,53.399491051990296,86.66617437061144,11.406063480549681,0.22547527586508465,0.5642198641749523,1.9055086635307683,Medium,30.9108230028275
KM_dorsal_s2_ (19).stl,KM,Dorsal,S2, (19),36594,4.02317392366039,80.58695132694318,7.622078125000002,3.9927031249999914,4.938585937500001,99.47455099104076,142.38637787145774,64.88482028414124,7.622078125000002,30.43269514868158,36.18010354473826,66.69727805924076,20.030690409134248,0.15179772749476328,0.6479316869374124,2.648038595767763,Medium,36.831586712216904
KM_dorsal_s2_ (2).stl,KM,Dorsal,S2, (2),38656,5.063133713333736,89.72317347507538,7.660421874999997,7.329984374999981,9.380664062500003,119.82750933655998,167.2067473857282,56.923605600487576,7.660421874999997,56.15077264965804,64.07310661063265,108.7409506574652,17.72087773206342,0.15892507671610517,1.2245623303220499,1.597897397332106,Medium,15.236693196375779
KM_dorsal_s2_ (20).stl,KM,Dorsal,S2, (20),43670,4.536386109066039,92.34155114406815,3.7626484375000047,2.982296875000003,4.0967421874999985,97.30180549254351,163.25885388818125,74.50326157831465,3.7626484375000047,11.221334676879907,12.469639206394502,32.934916107843584,20.355752117202304,0.14351378995991815,1.0887921780494523,8.229105877603477,Small,62.921727951910135
KM_dorsal_s2_ (21).stl,KM,Dorsal,S2, (21),45756,6.0206324757846605,95.85383492225948,5.8736171875000025,4.057609374999998,4.008574218749999,103.25844399146423,133.33091530880742,61.766490420740595,5.8736171875000025,23.832844165161134,18.363080893178733,43.88785288673833,15.920891253168046,0.16696907566105015,0.6824711401486782,4.021921775596497,Medium,28.37307830323379
KM_dorsal_s2_ (22).stl,KM,Dorsal,S2, (22),43864,4.550897591300127,82.87882408510535,5.156078124999993,3.590093749999994,2.4159882812500015,102.19795787310399,140.3065271905777,62.766242509339946,5.156078124999993,18.510803851074165,14.044519823658655,34.69619247406813,18.211533532097796,0.1602403626275572,0.4685709220610393,4.477321717192523,Medium,31.084918236387633
KM_dorsal_s2_ (23).stl,KM,Dorsal,S2, (23),33530,5.043321545153227,75.4588011428527,4.221296874999993,3.4795625000000143,4.100015625000005,104.62925873261818,137.11135241652377,61.23046038746397,4.221296874999993,14.688266307617225,15.06190054397255,35.05943579896737,14.962123764519976,0.18847423775771052,0.9712691967441904,5.137352466418745,Small,26.91909019339562
KM_dorsal_s2_ (3).stl,KM,Dorsal,S2, (3),14826,1.3369104589262013,33.16766243403824,4.165281250000007,3.3564531250000016,4.307167968750001,120.30808826291229,170.933783633552,60.60807761746328,4.165281250000007,13.980571268066436,9.104340894039751,28.90317107435794,24.809187640493377,0.17694466532205394,1.0340641388261582,2.3724110980928073,Small,25.230869214773428
KM_dorsal_s2_ (9).stl,KM,Dorsal,S2, (9),28690,4.358569980735481,66.88645287483874,7.007999999999996,4.995296875000008,4.275507812500003,96.62449567766426,138.97255723647902,65.585621020227,7.007999999999996,35.00704050000004,40.03979618575757,69.59767189243622,15.34596282048271,0.19291913605146654,0.6100895851170098,1.9106571683727067,Medium,38.732517395906186
KM_dorsal_s4_ (1).stl,KM,Dorsal,S4, (1),23204,4.53242434499099,57.11680102587234,4.319999999999993,3.4163281249999784,2.6611953124999985,115.55920615698443,155.366202012584,67.81912428364092,4.319999999999993,14.758537499999884,12.404904595446421,30.84858785104452,12.601821162000197,0.23188569500129866,0.6160174334490747,3.870085435353794,Small,44.79092268420221
KM_dorsal_s4_ (10).stl,KM,Dorsal,S4, (10),29736,3.5714414810282453,67.77900047154075,8.337976562500003,2.866085937500003,11.86321484375,125.073889566291,128.8065878273074,57.14290754280026,8.337976562500003,23.897357372985873,40.67234105938321,91.13728920738465,18.978051532298007,0.16670603546790877,1.4227930187648565,2.836255047520849,Medium,15.831552433344138
KM_dorsal_s4_ (11).stl,KM,Dorsal,S4, (11),15630,4.230939077733947,39.294734696776885,4.113187500000009,3.8711562499999985,2.9411640625000004,122.29512503415575,129.20269891234807,60.433016375093295,4.113187500000009,15.922791498046905,12.246882201386892,31.579082650000846,9.287473531248008,0.3219395095769009,0.7150571333059808,2.467829507256739,Small,24.75601342480298
KM_dorsal_s4_ (12).stl,KM,Dorsal,S4, (12),43090,4.551689283431157,81.56702016429212,4.716546874999992,3.7486171875000025,3.8194765625000002,118.57196374624093,130.92458261656802,62.36776106362893,4.716546874999992,17.680528681274396,19.69858053194599,42.74772229497887,17.920164379675146,0.16283631517723807,0.8098035837924343,4.613381287103731,Small,30.00403237535988
KM_dorsal_s4_ (13).stl,KM,Dorsal,S4, (13),21070,2.6370729598812033,42.343292956833906,3.65325,3.5900390625000114,4.585203125,118.63529273391771,132.8940375312698,62.98027744837397,3.65325,13.115310205078167,11.476285573444597,34.77639362001113,16.056928875696112,0.21799553191274468,1.2551024772462875,3.2285391877684178,Small,31.665490661673374
KM_dorsal_s4_ (14).stl,KM,Dorsal,S4, (14),39388,4.894020464902266,74.10580814004099,5.032445312500002,3.0604062499999998,5.085921875000004,118.31457967812479,134.91990787089344,62.42914343141471,5.032445312500002,15.401327087158208,19.222813101549512,43.13869213859253,15.142112435265611,0.18810877886668587,1.010626357402667,4.81165082207956,Medium,30.17053280886856
KM_dorsal_s4_ (15).stl,KM,Dorsal,S4, (15),29942,4.197584629780357,60.47853927854641,3.7674374999999998,3.2825312500000052,3.223906250000006,119.8873199499936,138.39355143938002,62.14156469852131,3.7674374999999998,12.366731326171895,12.634011478868493,31.03465175490383,14.407938043576983,0.20807303657668377,0.8557291925878017,4.890422350371176,Small,29.390471931097657
KM_dorsal_s4_ (16).stl,KM,Dorsal,S4, (16),34962,4.665390607254827,72.14308016738427,3.838976562499994,3.7102187499999957,4.923390624999996,120.04581493374354,144.2720875788654,62.517879357074285,3.838976562499994,14.243442822998007,24.29751213710771,46.69964495120016,15.463459813032491,0.18716075318515193,1.282474780672747,5.065002967604103,Small,30.41123010718193
KM_dorsal_s4_ (17).stl,KM,Dorsal,S4, (17),18318,2.5443446459983474,41.3619421866296,3.4373984375000077,3.5735625000000084,2.702367187500002,119.32116379935377,146.0510033977281,64.32637894371031,3.5735625000000084,12.28375815380865,8.215424604485529,24.243367877354547,16.256422749835465,0.21790498230786845,0.7562109764415749,3.367205839509718,Small,35.316807653914324
KM_dorsal_s4_ (18).stl,KM,Dorsal,S4, (18),236192,5.091828000000138,35.479327866773936,6.271999999999991,2.415999999999997,5.390000000000001,113.32782673982749,148.69054687711693,67.13646405607867,6.271999999999991,15.15315199999996,24.258456693333372,53.30512124809047,6.967895982891208,0.40342043248701853,0.8593750000000012,2.341382694951785,Medium,42.93919835475087
KM_dorsal_s4_ (19).stl,KM,Dorsal,S4, (19),26774,5.144287447342898,60.28833164558791,5.0987734375,2.751453125000012,6.75690625,114.56339578324197,127.72386857148025,63.76912032837362,5.0987734375,14.029036108276427,16.32785435629146,42.20568112150353,11.719471795209994,0.23903840214468555,1.3252022928308431,4.297396569534867,Medium,33.80523675209081
KM_dorsal_s4_ (2).stl,KM,Dorsal,S4, (2),29740,5.1250075469417,68.32973778821744,5.087999999999994,4.287703125000007,6.021210937499987,114.38331101840953,159.6958274255352,69.64735136801936,5.087999999999994,21.81583350000001,23.46220159720788,51.05617087997772,13.332612130296777,0.2103798025553554,1.183414099351414,3.1321167622689003,Medium,49.75001131310101
KM_dorsal_s4_ (20).stl,KM,Dorsal,S4, (20),16672,2.802921043487723,39.26244608101959,4.093398437499999,3.7188125000000127,5.116605468749995,116.66042858988249,127.70152030287807,62.971629414681054,4.093398437499999,15.222581276855518,18.15455364938203,42.177217915844864,14.007688933029897,0.24485784010202227,1.2499651687644922,2.579223941521297,Small,31.64203276308117
KM_dorsal_s4_ (21).stl,KM,Dorsal,S4, (21),29362,4.460678927500261,64.33819803055248,4.0847187500000075,4.828499999999991,2.804761718750001,115.26706903445212,131.79125054323686,63.9195301062314,4.828499999999991,19.723064484375,16.19896636067858,37.12655840829352,14.4234093231649,0.20368038524156726,0.5808764044216643,3.2620791805209812,Small,34.213225138994794
KM_dorsal_s4_ (22).stl,KM,Dorsal,S4, (22),14626,4.0064464611859005,35.02693311924892,4.244632812500001,2.894218749999993,3.638761718750004,115.19356778151207,135.7484714663385,64.34367755721475,4.244632812500001,12.284895872802707,13.230927723284958,31.789311440221987,8.74264350181308,0.3482744168749732,0.8572618361791462,2.8512193739300935,Small,35.36373035747701
KM_dorsal_s4_ (23).stl,KM,Dorsal,S4, (23),35104,5.607100880902471,78.64942392914486,3.887351562500001,3.2459843749999777,4.6312656249999975,115.96183246715711,146.46102533958617,65.51043170535083,3.887351562500001,12.618282432006753,22.67662342197897,44.76578149776635,14.026753860809103,0.19406512295150335,1.1913678375982997,6.232973810258645,Small,38.52856544726526
KM_dorsal_s4_ (24).stl,KM,Dorsal,S4, (24),15962,3.4544002325053675,36.89946209774687,3.0557578124999907,2.7633906249999995,2.7381875000000093,113.34624778722512,152.89517650383203,68.2070111805251,3.0557578124999907,8.44425249133298,9.108425301640521,24.236861359669366,10.681872282930243,0.29948783893220554,0.8960747768684687,4.369772473717451,Small,45.843070700208195
KM_dorsal_s4_ (3).stl,KM,Dorsal,S4, (3),27124,4.2164398549558975,61.229017961470625,4.305179687500001,4.045687500000014,4.20160937499999,114.64493956065586,162.29264046696807,70.62443900005529,4.305179687500001,17.41741164697272,19.438511754393797,40.89000827181203,14.5214968237964,0.20613770521695488,0.9759428595278554,3.5153913338273024,Small,52.40037362688022
KM_dorsal_s4_ (4).stl,KM,Dorsal,S4, (4),27662,3.055728070975686,63.837771993493824,4.8804531250000025,4.259343749999999,6.5568320312500035,116.97837702641485,158.12702570030638,67.18041578455252,4.8804531250000025,20.787527515136727,26.332619642047526,55.346009212561896,20.891182235698935,0.15952039110293287,1.3434883735821148,3.0709651230532087,Small,43.05841796305749
KM_dorsal_s4_ (5).stl,KM,Dorsal,S4, (5),19056,4.609031332566486,45.95873846666151,5.435578125000006,3.67839062500002,7.355031250000003,118.00785386301122,149.61787580901904,64.00051724440465,5.435578125000006,19.99417961645521,27.317987696021394,58.30055474558214,9.971452817412267,0.2914220881178098,1.3531276859349703,2.298605861719751,Medium,34.43290375519829
KM_dorsal_s4_ (6).stl,KM,Dorsal,S4, (6),35482,4.66673695476347,79.2919202503677,4.746820312499992,3.654421874999997,5.21655078125,118.04175512936136,152.94313306145253,65.71561639605558,4.746820312499992,17.34688398669429,24.467996472635356,48.47397252711995,16.990869855956245,0.17031938114146378,1.0989568675083503,4.570960427889387,Small,39.085131464251056
KM_dorsal_s4_ (7).stl,KM,Dorsal,S4, (7),25952,4.147054236430448,60.18011933255457,3.3322734374999925,3.3422499999999786,3.3019882812500043,119.60016618179715,155.7682983165636,65.14721725204224,3.3422499999999786,11.137290896484279,12.385588447720897,30.096844473281852,14.511534188266184,0.20742330828486624,0.9879537082055577,5.403479166693194,Small,37.54334174029525
KM_dorsal_s4_ (8).stl,KM,Dorsal,S4, (8),13622,4.7675502557612415,33.85570943135425,3.0321640625000015,2.525499999999994,3.1587968750000073,116.83720194870888,160.9381648348413,68.74352368468746,3.0321640625000015,7.657730339843735,8.845496526958573,23.7079033378898,7.101280031698053,0.4046215961597836,1.0417631796597437,4.42111538652654,Small,47.29836751830459
KM_ventral_s2_ (1).stl,KM,Ventral,S2, (1),48770,6.8417787860483426,100.84725415674048,7.032218749999998,6.122250000000008,5.673031249999994,230.8227871142608,164.5715122747719,80.34501094572313,7.032218749999998,43.05300124218755,60.13090696006716,91.04177353761841,14.739917397269078,0.17282214801983617,0.8067199630273155,2.34239777128291,Medium,78.76754552475357
KM_ventral_s2_ (10).stl,KM,Ventral,S2, (10),64936,11.663522338066988,145.56298418313176,7.6315937500000075,7.511890625000007,9.346515624999995,226.91214594369845,143.58773519656214,62.56810503926061,7.6315937500000075,57.3276975444337,114.9835851060046,155.84238285977278,12.480190800342404,0.17086495282052697,1.2247134649954323,2.5391388529132612,Medium,30.547467892704926
KM_ventral_s2_ (11).stl,KM,Ventral,S2, (11),35018,4.278318587316577,74.68235012516143,4.039687499999985,4.1659375000000125,4.166812499999999,225.10443005323452,151.77484801283742,59.110393015920685,4.1659375000000125,16.82908564453124,24.587135297424695,46.74440688479306,17.456004876907325,0.1706533806553371,1.000210036756429,4.437695053826654,Small,21.168381167938808
KM_ventral_s2_ (12).stl,KM,Ventral,S2, (12),81182,15.238382137093122,185.71688059056189,7.855671875000013,9.97926562500001,16.250082031250003,224.61530747650085,161.72295766553083,63.05291724330311,9.97926562500001,78.39383630346701,165.96293906595494,214.54914209009235,12.187440826706377,0.1600510954479275,1.628384556729342,2.3690240119343215,Medium,31.862527005854396
KM_ventral_s2_ (13).stl,KM,Ventral,S2, (13),30322,4.761567814009772,63.639197873547154,4.354968749999983,4.637812500000024,5.125464843750009,226.48514058892886,154.42724734172657,62.07471488377181,4.637812500000024,20.197528505859403,26.706179167552435,51.402133685547845,13.365177260797182,0.21507639249595656,1.1051470588235257,3.1508408494180418,Small,29.20914097992595
KM_ventral_s2_ (14).stl,KM,Ventral,S2, (14),30772,4.699773773324394,71.67197722483718,4.412374999999997,3.1047968750000052,3.5399570312500046,223.23040107907215,166.2848198326604,59.54290264159754,4.412374999999997,13.69952811132814,16.255687839754813,35.85366109893698,15.250090894085709,0.18931544261789932,0.802279278449816,5.2317113876040455,Small,22.341568888933867
KM_ventral_s2_ (15).stl,KM,Ventral,S2, (15),38494,5.422231836358718,81.01041551387729,3.4136718750000057,4.742374999999981,6.553527343749998,227.4771844395934,149.68577929149674,63.33158582861533,4.742374999999981,16.188912158203088,24.48237102493262,53.9809065465473,14.940418993275575,0.18424483408892728,1.3819082935765359,5.004067890554862,Small,32.61841899786204
KM_ventral_s2_ (16).stl,KM,Ventral,S2, (16),63836,6.225082145666687,134.76350152423385,8.113718750000004,8.649749999999983,8.056046875000007,230.12587998143357,149.17545599620837,73.93951797048786,8.649749999999983,70.1816387578124,132.34882376843288,151.51463120244844,21.64846958976171,0.12143444595483134,0.9313618168155176,1.920210241731245,Medium,61.392566427569896
KM_ventral_s2_ (17).stl,KM,Ventral,S2, (17),33980,4.921139228662951,78.58815837781019,7.169890624999994,5.261265625000021,5.0803203124999925,228.0016606922577,154.2660343467971,67.88219288383485,7.169890624999994,37.722699080322386,43.05587868809082,75.19028260402655,15.969505174752433,0.17803447748361753,0.7085631536394598,2.083312177913717,Medium,44.96199704402037
KM_ventral_s2_ (18).stl,KM,Ventral,S2, (18),33080,4.0896266664848016,73.07721228852853,2.6336562500000014,5.4429531250000025,3.709835937500003,228.48019835090437,154.6967237912825,66.30077309981641,5.4429531250000025,14.334867516113295,14.50552630951647,36.76216174710976,17.8689201357691,0.16923541941350287,0.6815851344484987,5.097864504599372,Medium,40.67237627674699
KM_ventral_s2_ (19).stl,KM,Ventral,S2, (19),28796,6.617126962491576,62.477124505203065,4.053875000000005,5.745187500000014,3.92252343749999,233.1471917723309,159.99044855387177,81.56563657287832,5.745187500000014,23.290271976562586,19.38812926198743,42.39780627410978,9.441729750592284,0.2728199153259744,0.6827494207108089,2.682541645201692,Medium,82.07850766916667
KM_ventral_s2_ (2).stl,KM,Ventral,S2, (2),40528,5.328975477367733,88.12145877942316,3.6800156249999816,4.7595156249999775,5.323757812500006,228.982869999085,174.60825441965534,85.04110532571617,4.7595156249999775,17.51509186743147,23.404895971914762,48.181255879700174,16.536285286670353,0.1674293512214212,1.1185503383025517,5.03117308469738,Small,91.50575974280659
KM_ventral_s2_ (20).stl,KM,Ventral,S2, (20),35710,4.40274142397918,74.13332975459929,3.2994999999999948,3.340968750000002,4.769210937500006,234.12363256309507,156.59988171861872,83.83919155465321,3.340968750000002,11.023526390624989,20.613318473077957,42.792268685729596,16.837993108302484,0.17523441529175068,1.427493429113937,6.725010412062544,Small,88.24555373999397
KM_ventral_s2_ (21).stl,KM,Ventral,S2, (21),41190,5.892079810077532,92.81780996380925,2.960031249999986,5.5356874999999945,6.50507031250001,234.9091295389253,143.71188323204964,83.88015845781996,5.5356874999999945,16.38580799023428,23.8337369565248,57.7781302424535,15.752979076260662,0.16996723967127184,1.1751151618475602,5.664524448176581,Medium,88.35667697265546
KM_ventral_s2_ (22).stl,KM,Ventral,S2, (22),25454,5.917142233051664,64.82561491505201,8.759515625000006,4.452062500000011,5.8098124999999925,236.94233498357332,147.77064257500462,86.14070749368551,8.759515625000006,38.99791103222668,61.077166744824076,96.03524958631183,10.95556137774625,0.24405000371635308,0.6632572791375081,1.6622842916248028,Medium,94.48844425398323
KM_ventral_s2_ (23).stl,KM,Ventral,S2, (23),29466,3.4720936684628865,63.47741407331904,2.847187500000018,7.9120624999999905,5.364453124999997,237.21295090121524,150.51641877379154,85.23148183915006,7.9120624999999905,22.527125449218868,35.31610041890776,67.96620568906877,18.282172122798983,0.17468643699076747,0.6780094475997888,2.8178213068689653,Medium,92.02215839538447
KM_ventral_s2_ (25).stl,KM,Ventral,S2, (25),119276,15.746169954283372,257.342233159036,8.131343749999985,8.401343749999995,12.10958203125,220.8174656648935,161.93411579790953,57.13139877391556,8.401343749999995,68.3142139931639,137.4849997913134,175.2778264885531,16.343163696707858,0.11805643981587519,1.4413863295678155,3.76703789909356,Medium,15.80033475508284
KM_ventral_s2_ (26).stl,KM,Ventral,S2, (26),63226,9.837242053966607,146.29436665781577,15.54195312500002,5.568750000000023,7.0521640624999975,231.81106304244892,151.85039192012252,85.43695231499238,15.54195312500002,86.54925146484422,188.77593156521277,211.58772771069997,14.871481849816478,0.15176516317459546,0.4537501822184905,1.6903019284602323,Large,92.57949960809847
KM_ventral_s2_ (27).stl,KM,Ventral,S2, (27),30072,5.417248328267158,70.68095946159171,3.944156249999992,5.96828124999999,4.5927109375000015,229.63221922940502,149.24277146359157,67.29282335459133,5.96828124999999,23.539833793945224,30.053992262162595,58.617981203760635,13.047391439077849,0.21104133125406027,0.7695198575804398,3.002610811966389,Medium,43.3633248901809
KM_ventral_s2_ (29).stl,KM,Ventral,S2, (29),45216,4.896720022168336,96.80506453975825,7.669937500000003,5.900656249999997,6.302320312500001,229.7508312359932,156.0760125289813,74.83391196562057,7.669937500000003,45.25766464648437,71.61365612557765,102.55298400239278,19.769368904389925,0.1440531948022118,0.8216912214082577,2.1389761335658775,Medium,63.81862122618698
KM_ventral_s2_ (3).stl,KM,Ventral,S2, (3),87760,11.542983217833683,198.0105337428594,6.675718749999987,9.601812499999994,8.027406249999999,230.88743485446815,170.74252294539082,86.07217875538876,9.601812499999994,64.09899974023422,117.89025268801521,144.13880229451166,17.15419055941596,0.12474061270166138,0.8360303067780175,3.0891360948737305,Medium,94.30255920187784
KM_ventral_s2_ (30).stl,KM,Ventral,S2, (30),14624,4.863024311087802,36.401177127483614,4.430296874999982,2.9980937500000095,4.620085937499994,227.13815086537258,159.37741264075035,61.67236918870522,4.430296874999982,13.28244537158202,18.01930107785465,40.29051723084164,7.485296144723795,0.381334697782735,1.042838903995573,2.740547851630126,Small,28.117773294620335
KM_ventral_s2_ (31).stl,KM,Ventral,S2, (31),46074,11.67738732632375,113.7244791541674,10.73432812499999,3.821796875000018,14.215367187500007,231.1216175085415,158.27539394054492,72.6657105731631,10.73432812499999,41.02442168334977,156.02336901227983,199.56551872718464,9.738863324144777,0.21887389087834777,1.3242903535241075,2.7721165707577486,Medium,57.93734807233586
KM_ventral_s2_ (32).stl,KM,Ventral,S2, (32),61636,9.751957392917353,138.82835271936227,4.6537656250000055,4.928937499999989,8.13401562499999,228.42395074450872,161.42342336645115,70.52350447401545,4.928937499999989,22.938119905273414,61.038673486384944,91.28879440769612,14.235947423251712,0.15900123004114952,1.6502574084171298,6.052298675422217,Small,52.12658747382275
KM_ventral_s2_ (33).stl,KM,Ventral,S2, (33),31328,4.177374451260201,67.82676327522336,5.6794062499999995,5.3426874999999825,4.8684453125000005,230.0351216448744,159.74975219385746,78.41172833640566,5.6794062499999995,30.343292779296775,39.97165855533812,67.91334733869333,16.236697013063278,0.1849347973945999,0.857210260755691,2.2353132129912265,Medium,73.52349248219973
KM_ventral_s2_ (34).stl,KM,Ventral,S2, (34),37820,5.529901131004038,83.06717339804193,4.502046875000019,3.696078125000014,4.802843749999994,228.3086376013573,164.47843084126566,74.2471482489699,4.502046875000019,16.63991697241224,27.28414379311681,50.144104880120345,15.02145724311708,0.18205373905667124,1.0668133592011908,4.992042540582456,Small,62.22701737130699
KM_ventral_s2_ (35).stl,KM,Ventral,S2, (35),24024,4.91982387846795,56.042540201746405,3.168546875000004,3.481812500000018,6.445953125000003,228.17785688855415,167.1740140291566,70.75444371188708,3.481812500000018,11.032286116211008,20.877856321597044,46.84960780082166,11.391167973923132,0.2496123198067089,1.8513211509809817,5.079866458448413,Small,52.753013019249494
KM_ventral_s2_ (36).stl,KM,Ventral,S2, (36),85938,9.658932336042602,169.5133813291334,5.894187500000015,8.613828124999998,7.911367187500005,229.08609392963533,169.31064891858813,79.61899479560604,8.613828124999998,50.77151806152356,98.82940994257616,125.81705599644415,17.549908771654714,0.1293896545405992,0.9184496222462074,3.338749515500436,Medium,76.7982177179365
KM_ventral_s2_ (37).stl,KM,Ventral,S2, (37),36496,4.540699128828455,79.90430641035319,11.885125000000016,3.9344531250000045,6.302343750000006,231.12764609934425,165.75180154574588,84.13760859295083,11.885125000000016,46.761467197265745,94.42669113838711,131.2912666142794,17.597357619016982,0.16595706889887699,0.5302715579348132,1.708763886155937,Medium,89.05501365552436
KM_ventral_s2_ (4).stl,KM,Ventral,S2, (4),35382,5.532826035762807,81.74375689931463,8.969484374999979,5.202046875000008,7.282234374999987,233.08505736173524,143.25020335507816,74.29374578145904,8.969484374999979,46.659678163330035,90.65927197239054,120.86408149196322,14.77432262842594,0.18506638463284533,0.8118899671978084,1.7519142891036328,Medium,62.353413755802165
KM_ventral_s2_ (5).stl,KM,Ventral,S2, (5),20392,4.565682267657719,51.10433842476877,7.384218749999974,2.975999999999999,4.658906250000001,234.47012113129537,147.32734876039012,73.68922919795446,7.384218749999974,21.975434999999916,19.747605669502867,47.53786750164764,11.193143856457242,0.2604334779254688,0.6309274423919278,2.325521129605351,Medium,60.713655029518165
KM_ventral_s2_ (6).stl,KM,Ventral,S2, (6),32732,4.949640513279631,65.75805311412259,3.730343750000003,5.8433437500000025,5.229398437499995,233.95766684870054,145.7202532731094,80.31091040845605,5.8433437500000025,21.79768083691409,25.630871300955125,50.198480686056314,13.285420009331409,0.21359165606254413,0.8949325354168994,3.0167453870946757,Medium,78.67504739470972
KM_ventral_s2_ (7).stl,KM,Ventral,S2, (7),85874,12.043181691199788,187.04919833219537,5.877921874999998,9.055999999999983,8.375125000000011,233.18856036605956,152.5105638685264,78.44234900785477,9.055999999999983,53.230460499999886,131.08482660235802,162.11417701710914,15.531543335336064,0.1358383608206406,0.9248150397526531,3.5139504068764493,Medium,73.60655143307626
KM_ventral_s2_ (8).stl,KM,Ventral,S2, (8),21054,4.6806914469492815,48.16964298016275,2.7532343750000052,4.459234374999994,4.515929687499991,234.09776794740114,153.12719329808667,75.32053276458254,4.459234374999994,12.277317367431648,12.83769830563947,34.25683003555065,10.291138291450105,0.28092089226966166,1.012714136044934,3.9234664657234966,Small,65.13858617547464
KM_ventral_s2_ (9).stl,KM,Ventral,S2, (9),42880,5.706774442872608,92.69553270530172,5.128765625,6.5878125000000125,5.119328124999996,222.6741160339659,147.82487732176517,56.17306769627813,6.5878125000000125,33.787346293945376,35.28701148333557,67.841180451947,16.243069291282826,0.16660414096304416,0.7770907452208128,2.743498465338563,Medium,13.200849827613961
KM_ventral_s4_ (11).stl,KM,Ventral,S4, (11),18646,3.9276509189997104,43.251189157680024,9.325406249999986,5.563203125000001,6.518171875000007,216.96962002239084,175.13653707760156,84.28852224365592,9.325406249999986,51.879129191894464,25.428779007126835,66.23573817916447,11.011973836181753,0.27833938270013947,0.6989692138077113,0.8336915023708135,Medium,89.46436880377263
KM_ventral_s4_ (12).stl,KM,Ventral,S4, (12),39608,4.546570632100506,86.78702144060625,11.455796875000004,6.2985468749999995,6.826734375000001,216.40099695295143,177.30138046764543,85.85596150444933,11.455796875000004,72.15487360766603,40.27136694802597,85.61715592834358,19.08845775491908,0.1529273991689777,0.5959196422117077,1.2027880737828032,Medium,93.71606722849694
KM_ventral_s4_ (13).stl,KM,Ventral,S4, (13),60990,6.819680494944625,129.3667944295483,14.078296874999978,3.594562499999995,11.872332031249996,222.80592693841544,143.5596238297262,71.89451468333266,14.078296874999978,50.60531801074204,96.61194034905282,159.53390823850677,18.969626879946482,0.13443241267920583,0.8433074069018036,2.556387342573116,Medium,55.84546966150275
KM_ventral_s4_ (14).stl,KM,Ventral,S4, (14),68682,10.591474132844953,154.96649528241113,13.870499999999993,5.191296875000006,8.624960937499992,224.21472412023587,152.72351642245542,73.95382739245727,13.870499999999993,72.00588330468754,168.61735796676794,197.49083502615775,14.631248996950147,0.15050488165685955,0.6218204778126236,2.152136577877698,Medium,61.43138091204011
KM_ventral_s4_ (16).stl,KM,Ventral,S4, (16),34020,4.604025680360157,78.25682532377154,16.698687500000005,5.210828125000006,8.610328124999995,223.21191192435822,160.53168466863855,74.47056001700899,16.698687500000005,87.01399047558607,66.33563954701413,128.24559403285917,16.997478023982218,0.17102268627932285,0.5156290352160906,0.8993591133569311,Large,62.833024561503215
KM_ventral_s4_ (17).stl,KM,Ventral,S4, (17),29962,4.555970077163189,68.13746906564892,9.083750000000009,3.714156250000002,7.462445312500009,220.81352655585965,162.5448202087227,76.66053932055256,9.083750000000009,33.73846683593755,33.49104114655167,74.65132356623913,14.955644552449574,0.19505273096441658,0.8215159281684328,2.019578109372481,Medium,68.77337056913218
KM_ventral_s4_ (18).stl,KM,Ventral,S4, (18),33448,4.829531018433859,75.76977601960212,14.172609374999979,4.304781249999991,6.715281250000004,223.59905912504735,164.2133753430387,82.13253017588247,14.172609374999979,61.009983101074,32.544534871012615,78.08233085192862,15.688847577621122,0.18235797497661588,0.47382109196105704,1.241924225648053,Medium,83.6162135944725
KM_ventral_s4_ (19).stl,KM,Ventral,S4, (19),29492,4.440025004349698,64.60714820963626,12.878515625000006,3.9222812499999975,7.5961093749999975,223.61379975819713,161.8466849281514,83.08708084793122,12.878515625000006,50.51316036376952,32.65672448756144,81.91360090942153,14.55107756067668,0.20220590320526466,0.5898280202614573,1.2790161562723292,Medium,86.20544412492056
KM_ventral_s4_ (2).stl,KM,Ventral,S4, (2),12432,3.73023574054041,31.539994209874706,6.9841249999999775,2.1524843750000002,3.6456406249999986,225.03329861990898,161.04873852004908,85.10380139018761,6.9841249999999775,15.033219935546828,13.821342289482272,36.99740927575676,8.455228142043756,0.36879076267057115,0.5219896014175018,2.0980198749901047,Medium,91.6758235948596
KM_ventral_s4_ (20).stl,KM,Ventral,S4, (20),23652,4.345047147200632,51.754759358763195,10.720265624999996,3.282624999999996,6.056789062500002,222.65579696572524,160.9298453447383,79.03976803626544,10.720265624999996,35.190611947265566,25.111641369365884,61.31312958601562,11.911207774145108,0.24880751463534792,0.5649849802578939,1.4706979076214877,Medium,75.22705795318745
KM_ventral_s4_ (21).stl,KM,Ventral,S4, (21),20858,4.059516693541631,44.99283799722605,14.09518749999998,3.248062500000003,8.302500000000009,222.74782821239648,166.89332709696717,77.34240994337704,14.09518749999998,45.78204994921873,32.988737132941274,86.8129266051684,11.083299169284384,0.27352075782061464,0.5890308305583037,0.9827615418517066,Medium,70.62295308594445
KM_ventral_s4_ (22).stl,KM,Ventral,S4, (22),22742,2.5161417285691003,48.62591824003381,8.541796874999989,3.264125000000007,3.7517812499999934,219.72728119182935,168.35811856618994,82.17500796720184,8.541796874999989,27.881492724609398,12.561899859641724,37.99973754810234,19.325587938039877,0.18398102856180149,0.4392262313074494,1.7440213377497717,Medium,83.7314351299768
KM_ventral_s4_ (23).stl,KM,Ventral,S4, (23),34464,4.414356513731816,79.73736558070317,9.104640625000002,4.47442187499999,4.526843749999998,221.01838999511568,167.0152452652889,82.96846864066187,9.104640625000002,40.738003176513594,41.04998984916739,74.24924100732785,18.063191165612192,0.16320514464221478,0.49720180471153924,1.9573214041741156,Medium,85.88370704239723
KM_ventral_s4_ (25).stl,KM,Ventral,S4, (25),37208,4.446835516013974,82.95321225362599,17.85789062500001,7.791125000000022,5.235664062499993,224.35653346362565,167.19908352398454,85.40676479688508,17.85789062500001,139.1330580957036,52.67635634670348,117.92634763427733,18.654436836013907,0.15764672756215978,0.29318491038187716,0.5962149714021672,Large,92.49761559103094
KM_ventral_s4_ (26).stl,KM,Ventral,S4, (26),27218,5.367700156671467,64.73000096630936,16.492765624999976,4.117906250000004,8.085820312500005,223.70929961464688,169.829231929659,84.03918227922851,16.492765624999976,67.91566264697262,51.597673345436874,110.90367864296034,12.059168559528612,0.22903613670371786,0.4902646709684275,0.9530938585224087,Large,88.78803105946973
KM_ventral_s4_ (28).stl,KM,Ventral,S4, (28),34466,4.320582921028575,79.97569006263411,17.351921874999988,3.530124999999998,5.358523437500011,227.0786071753685,144.42483118387202,81.4629655276214,17.351921874999988,61.2544532089843,64.91812999228519,124.1161433458566,18.51039351041891,0.16040615355789986,0.30881440546481337,1.3056306255771775,Large,81.80001118620717
KM_ventral_s4_ (30).stl,KM,Ventral,S4, (30),28566,4.3507172452393705,66.49043955708929,6.926265625000013,2.7432812499999955,4.662117187499987,225.19518164276735,153.4545963813333,84.64592560220557,6.926265625000013,19.000694621582035,24.558378032322075,52.40413698272052,15.282638656843137,0.1938349827664375,0.6731069005890138,3.499368885259899,Medium,90.43382984417526
KM_ventral_s4_ (31).stl,KM,Ventral,S4, (31),38814,4.8131667829733,90.33520828124969,15.57640625000002,2.4814218749999952,8.660359374999999,225.9464290529298,157.0553475688272,82.6747449387356,15.57640625000002,38.65163520263669,49.64965423131935,114.52064614483398,18.76835197168168,0.1526093051050276,0.5559921355415334,2.3371639468202194,Large,85.08697785995226
KM_ventral_s4_ (4).stl,KM,Ventral,S4, (4),38788,5.963528409557041,82.04513755916612,19.456312499999996,3.896937500000007,7.561796875000013,225.62128843864937,171.19401306742745,80.707174063781,19.456312499999996,75.82003379296887,87.35641564444914,156.27029465519314,13.757817842819714,0.19383556835274635,0.3886551922415933,1.082103679658008,Large,79.74991747182375
KM_ventral_s4_ (5).stl,KM,Ventral,S4, (5),17246,1.8877065432755356,38.60948390895526,9.703562500000004,5.724968749999988,6.236507812500008,224.84524558140293,172.64899829549847,81.81511193024228,9.703562500000004,55.55259207617178,20.18279798816576,58.89043450314512,20.453117592080996,0.19131386642249246,0.6427029055050664,0.6950077839034997,Medium,82.7552126684883
KM_ventral_s4_ (7).stl,KM,Ventral,S4, (7),30914,4.386691265658411,70.04383634720642,15.752453124999988,2.6221718749999923,6.271953124999996,227.2048740162561,148.33477699474753,82.35665686250229,15.752453124999988,41.30563954663071,43.71901475547402,98.69030834504036,15.967350357101857,0.1850144205136611,0.39815723146295673,1.6957451117088413,Large,84.22416001018104
VL_dorsal_s2_01.stl,VL,Dorsal,S2,01,28690,4.358569980735481,66.88645287483874,7.007999999999996,4.995296875000008,4.275507812500003,96.62449567766426,138.97255723647902,65.585621020227,7.007999999999996,35.00704050000004,40.0257838420897,69.58889193233976,15.34596282048271,0.19291913605146654,0.6100895851170098,1.9106571683727067,Medium,38.732517395906186
VL_dorsal_s2_02.stl,VL,Dorsal,S2,02,40404,4.395701777865069,88.47328119770322,6.094531250000003,4.929312500000009,6.2016171875000055,95.82756160042683,143.3890185354482,67.06315153309001,6.094531250000003,30.041849072265695,48.62245230643234,80.06321410501289,20.127225564577188,0.14667546394627143,1.0175708242533013,2.9450011876725917,Medium,42.74033722736934
VL_dorsal_s2_03.stl,VL,Dorsal,S2,03,40418,4.606713690277723,88.63459778179731,9.439546875000005,2.9296875,5.041652343749995,97.3887337159367,147.04746144379774,66.69963660177577,9.439546875000005,27.654922485351577,28.597338461614584,63.38659990611954,19.240309630888703,0.1510572800722449,0.5340989785328009,3.205020655138188,Medium,41.754298470084294
VL_dorsal_s2_04.stl,VL,Dorsal,S2,04,26508,6.543313062878632,67.27823077710502,8.985664062500007,4.494078125000016,5.638257812500001,97.0741511771407,155.43492271653054,68.47653571641895,8.985664062500007,40.382276301880054,50.017655919419454,82.32306524956765,10.281982556938363,0.25146334901035045,0.627472580021127,1.6660336399603306,Medium,46.57415934481978
VL_dorsal_s2_05.stl,VL,Dorsal,S2,05,50844,5.7484761361984935,107.53439190716222,5.2937031250000075,3.800578124999987,6.935781250000005,93.70413165039754,156.49099056632377,74.06915342528534,5.2937031250000075,20.1191322971191,39.59741746410801,68.58611923634221,18.706590992004266,0.14431292506509721,1.3101946003063774,5.344882190697671,Medium,61.74420420565635
VL_dorsal_s2_06.stl,VL,Dorsal,S2,06,47416,6.748073915213771,100.87571845993962,10.198531249999988,4.969093749999985,5.222453125000001,97.49848393551667,157.0139595565491,71.28466721791563,10.198531249999988,50.67745789355447,61.54128380222006,97.84240065428422,14.94881646635668,0.17119222542180074,0.5120789451912507,1.9905441719634822,Medium,54.19125085195012
VL_dorsal_s2_07.stl,VL,Dorsal,S2,07,73204,6.958067290270953,155.21167108601702,8.684265624999995,6.114531249999999,6.7606015625,97.69790240799684,168.66974667168688,75.98226741565807,8.684265624999995,53.10021354736324,94.44642519324731,129.1732861629051,22.306721767844955,0.11355828699785858,0.7784885739834799,2.9229952332974047,Medium,66.93354961931438
VL_dorsal_s2_08.stl,VL,Dorsal,S2,08,43490,4.759702280807338,89.83029447624929,5.293156249999996,4.5665234374999955,3.9933945312500043,98.34996529536244,131.47157476611002,64.71237627346085,5.293156249999996,24.171322073974565,19.12638706608332,42.271647561000236,18.873091041528827,0.15232849809069907,0.7544448609938555,3.7163997153871122,Medium,36.36383019564741
VL_dorsal_s2_09.stl,VL,Dorsal,S2,09,46600,4.639160375019163,96.31779515164928,6.833367187500002,5.767992187499985,5.288570312499999,100.77302927021861,129.14558972538896,62.522148929916625,6.833367187500002,39.41480855181876,48.87461729477239,83.84181573906753,20.76190244905069,0.13965951073062285,0.773933284629306,2.4436956233091935,Medium,30.422811376441985
VL_dorsal_s2_10.stl,VL,Dorsal,S2,10,33090,6.6488760933788775,75.83750279538864,8.192984374999995,4.8577031250000005,4.622644531250003,98.55156676724465,135.2143055815264,62.702060228063296,8.192984374999995,39.79908580151365,53.42413256897056,86.68574005985874,11.406063480549681,0.22547527586508465,0.5642198641749523,1.9055086635307683,Medium,30.9108230028275
VL_dorsal_s2_11.stl,VL,Dorsal,S2,11,36594,4.02317392366039,80.58695132694318,7.622078125000002,3.9927031249999914,4.938585937500001,99.47455099104076,142.38637787145774,64.88482028414124,7.622078125000002,30.43269514868158,36.16206983225395,66.66973879271333,20.030690409134248,0.15179772749476328,0.6479316869374124,2.648038595767763,Medium,36.831586712216904
VL_dorsal_s2_12.stl,VL,Dorsal,S2,12,43670,4.536386109066039,92.34155114406815,3.7626484375000047,2.982296875000003,4.0967421874999985,97.30180549254351,163.25885388818125,74.50326157831465,3.7626484375000047,11.221334676879907,12.415965284326614,32.79445405635144,20.355752117202304,0.14351378995991815,1.0887921780494523,8.229105877603477,Small,62.921727951910135
VL_dorsal_s2_13.stl,VL,Dorsal,S2,13,45756,6.0206324757846605,95.85383492225948,5.8736171875000025,4.057609374999998,4.008574218749999,103.25844399146423,133.33091530880742,61.766490420740595,5.8736171875000025,23.832844165161134,18.32357930937764,43.80027789511112,15.920891253168046,0.16696907566105015,0.6824711401486782,4.021921775596497,Medium,28.37307830323379
VL_dorsal_s2_14.stl,VL,Dorsal,S2,14,43864,4.550897591300127,82.87882408510535,5.156078124999993,3.590093749999994,2.4159882812500015,102.19795787310399,140.3065271905777,62.766242509339946,5.156078124999993,18.510803851074165,14.022157072065504,34.6511511422727,18.211533532097796,0.1602403626275572,0.4685709220610393,4.477321717192523,Medium,31.084918236387633
VL_dorsal_s2_15.stl,VL,Dorsal,S2,15,33530,5.043321545153227,75.4588011428527,4.221296874999993,3.4795625000000143,4.100015625000005,104.62925873261818,137.11135241652377,61.23046038746397,4.221296874999993,14.688266307617225,15.062138877364552,35.06300606520456,14.962123764519976,0.18847423775771052,0.9712691967441904,5.137352466418745,Small,26.91909019339562
VL_dorsal_s2_16.stl,VL,Dorsal,S2,16,45656,5.605472696014865,103.50396875798847,7.133187499999991,4.666109374999991,8.19032421875,119.73299008133971,158.20295748653427,54.95703196321404,7.133187499999991,33.28423306738271,53.91886296490252,88.72681580694399,18.46480651517101,0.14743546010414704,1.1481997660583028,3.1096996751719796,Medium,9.902337827818833
VL_dorsal_s2_17.stl,VL,Dorsal,S2,17,38656,5.063133713333736,89.72317347507538,7.660421874999997,7.329984374999981,9.380664062500003,119.82750933655998,167.2067473857282,56.923605600487576,7.660421874999997,56.15077264965804,64.25170538640778,108.79034791012505,17.72087773206342,0.15892507671610517,1.2245623303220499,1.597897397332106,Medium,15.236693196375779
VL_dorsal_s2_18.stl,VL,Dorsal,S2,18,14826,1.3369104589262013,33.16766243403824,4.165281250000007,3.3564531250000016,4.307167968750001,120.30808826291229,170.933783633552,60.60807761746328,4.165281250000007,13.980571268066436,9.104340894039751,28.90317107435794,24.809187640493377,0.17694466532205394,1.0340641388261582,2.3724110980928073,Small,25.230869214773428
VL_dorsal_s4_01.stl,VL,Dorsal,S4,01,32768,5.030250514585205,76.24071178330621,6.2518906250000015,2.406359374999994,5.401589843749996,113.25182843542098,148.62762729676567,67.24261567882697,6.2518906250000015,15.044295616943325,24.265129961700655,53.34383479009842,15.156444308736983,0.18621882915345467,0.8639930171123226,5.067748848104373,Medium,43.22713594730066
VL_dorsal_s4_02.stl,VL,Dorsal,S4,02,26774,5.144287447342898,60.28833164558791,5.0987734375,2.751453125000012,6.75690625,114.563395783242,127.72386857148025,63.76912032837362,5.0987734375,14.029036108276427,16.346387432529383,42.222262543663525,11.719471795209994,0.23903840214468555,1.3252022928308431,4.297396569534867,Medium,33.80523675209081
VL_dorsal_s4_03.stl,VL,Dorsal,S4,03,16672,2.802921043487723,39.26244608101959,4.093398437499999,3.7188125000000127,5.116605468749995,116.66042858988249,127.70152030287807,62.971629414681054,4.093398437499999,15.222581276855518,18.15455364938203,42.177217915844864,14.007688933029897,0.24485784010202227,1.2499651687644922,2.579223941521297,Small,31.64203276308117
VL_dorsal_s4_04.stl,VL,Dorsal,S4,04,29362,4.460678927500261,64.33819803055248,4.0847187500000075,4.828499999999991,2.804761718750001,115.26706903445212,131.79125054323686,63.9195301062314,4.828499999999991,19.723064484375,16.20837003093272,37.167501998432066,14.4234093231649,0.20368038524156726,0.5808764044216643,3.2620791805209812,Small,34.213225138994794
VL_dorsal_s4_05.stl,VL,Dorsal,S4,05,14626,4.0064464611859005,35.02693311924892,4.244632812500001,2.894218749999993,3.638761718750004,115.19356778151207,135.7484714663385,64.34367755721475,4.244632812500001,12.284895872802707,13.230927723284958,31.789311440221987,8.74264350181308,0.3482744168749732,0.8572618361791462,2.8512193739300935,Small,35.36373035747701
VL_dorsal_s4_06.stl,VL,Dorsal,S4,06,35104,5.607100880902471,78.64942392914486,3.887351562500001,3.2459843749999777,4.6312656249999975,115.96183246715711,146.46102533958617,65.51043170535083,3.887351562500001,12.618282432006753,22.71309283077328,44.79380108724538,14.026753860809103,0.19406512295150335,1.1913678375982997,6.232973810258645,Small,38.52856544726526
VL_dorsal_s4_07.stl,VL,Dorsal,S4,07,15962,3.4544002325053675,36.89946209774687,3.0557578124999907,2.7633906249999995,2.7381875000000093,113.34624778722512,152.89517650383203,68.2070111805251,3.0557578124999907,8.44425249133298,9.108425301640521,24.236861359669366,10.681872282930243,0.29948783893220554,0.8960747768684687,4.369772473717451,Small,45.843070700208195
VL_dorsal_s4_08.stl,VL,Dorsal,S4,08,23204,4.53242434499099,57.11680102587234,4.319999999999993,3.4163281249999784,2.6611953124999985,115.55920615698443,155.366202012584,67.81912428364092,4.319999999999993,14.758537499999884,12.404906248183895,30.848594257836716,12.601821162000197,0.23188569500129866,0.6160174334490747,3.870085435353794,Small,44.79092268420221
VL_dorsal_s4_09.stl,VL,Dorsal,S4,09,29740,5.1250075469417,68.32973778821744,5.087999999999994,4.287703125000007,6.021210937499987,114.38331101840953,159.6958274255352,69.64735136801936,5.087999999999994,21.81583350000001,23.461416679732782,51.05371569512859,13.332612130296777,0.2103798025553554,1.183414099351414,3.1321167622689003,Medium,49.75001131310101
VL_dorsal_s4_10.stl,VL,Dorsal,S4,10,27124,4.2164398549557776,61.229017961470625,4.305179687500001,4.045687500000014,4.20160937499999,114.64493956065586,162.29264046696807,70.6244390000553,4.305179687500001,17.41741164697272,19.438580707026755,40.89006169827754,14.521496823796815,0.20613770521695093,0.9759428595278554,3.5153913338273024,Small,52.400373626880246
VL_dorsal_s4_11.stl,VL,Dorsal,S4,11,27662,3.055728070975686,63.837771993493824,4.8804531250000025,4.259343749999999,6.5568320312500035,116.97837702641485,158.12702570030638,67.18041578455252,4.8804531250000025,20.787527515136727,26.331658733716488,55.3431564892621,20.891182235698935,0.15952039110293287,1.3434883735821148,3.0709651230532087,Small,43.05841796305749
VL_dorsal_s4_12.stl,VL,Dorsal,S4,12,43090,4.551689283431431,81.56702016429213,4.716546874999992,3.7486171875000025,3.8194765625000002,118.57196374624091,130.92458261656802,62.36776106362893,4.716546874999992,17.680528681274396,19.581771581672587,42.66005389108147,17.920164379674073,0.16283631517724453,0.8098035837924343,4.613381287103732,Small,30.00403237535988
VL_dorsal_s4_13.stl,VL,Dorsal,S4,13,21070,2.6370729598812033,42.343292956833906,3.65325,3.5900390625000114,4.585203125,118.63529273391771,132.8940375312698,62.98027744837397,3.65325,13.115310205078167,11.476285573444597,34.77639362001113,16.056928875696112,0.21799553191274468,1.2551024772462875,3.2285391877684178,Small,31.665490661673374
VL_dorsal_s4_14.stl,VL,Dorsal,S4,14,39388,4.894020464902266,74.10580814004099,5.032445312500002,3.0604062499999998,5.085921875000004,118.31457967812479,134.91990787089344,62.42914343141471,5.032445312500002,15.401327087158208,19.235676826754915,43.15853281990039,15.142112435265611,0.18810877886668587,1.010626357402667,4.81165082207956,Medium,30.17053280886856
VL_dorsal_s4_15.stl,VL,Dorsal,S4,15,29942,4.197584629780357,60.47853927854641,3.7674374999999998,3.2825312500000052,3.223906250000006,119.8873199499936,138.39355143938002,62.14156469852131,3.7674374999999998,12.366731326171895,12.633256854946401,31.03547906078779,14.407938043576983,0.20807303657668377,0.8557291925878017,4.890422350371176,Small,29.390471931097657
VL_dorsal_s4_16.stl,VL,Dorsal,S4,16,34962,4.665390607254827,72.14308016738427,3.838976562499994,3.7102187499999957,4.923390624999996,120.04581493374354,144.2720875788654,62.517879357074285,3.838976562499994,14.243442822998007,24.372331059728946,46.78009259733874,15.463459813032491,0.18716075318515193,1.282474780672747,5.065002967604103,Small,30.41123010718193
VL_dorsal_s4_17.stl,VL,Dorsal,S4,17,18318,2.5443446459983474,41.3619421866296,3.4373984375000077,3.5735625000000084,2.702367187500002,119.32116379935377,146.0510033977281,64.32637894371031,3.5735625000000084,12.28375815380865,8.215424604485529,24.243367877354547,16.256422749835465,0.21790498230786845,0.7562109764415749,3.367205839509718,Small,35.316807653914324
VL_dorsal_s4_18.stl,VL,Dorsal,S4,18,19056,4.609031332566486,45.95873846666151,5.435578125000006,3.67839062500002,7.355031250000003,118.00785386301122,149.61787580901904,64.00051724440465,5.435578125000006,19.99417961645521,27.317987696021394,58.30055474558214,9.971452817412267,0.2914220881178098,1.3531276859349703,2.298605861719751,Medium,34.43290375519829
VL_dorsal_s4_19.stl,VL,Dorsal,S4,19,35482,4.66673695476347,79.2919202503677,4.746820312499992,3.654421874999997,5.21655078125,118.04175512936136,152.94313306145253,65.71561639605558,4.746820312499992,17.34688398669429,24.546688636930863,48.554676234146484,16.990869855956245,0.17031938114146378,1.0989568675083503,4.570960427889387,Small,39.085131464251056
VL_dorsal_s4_20.stl,VL,Dorsal,S4,20,25952,4.147054236430448,60.18011933255457,3.3322734374999925,3.3422499999999786,3.3019882812500043,119.60016618179715,155.7682983165636,65.14721725204224,3.3422499999999786,11.137290896484279,12.38476239304884,30.09005585079555,14.511534188266184,0.20742330828486624,0.9879537082055577,5.403479166693194,Small,37.54334174029525
VL_dorsal_s4_21.stl,VL,Dorsal,S4,21,13622,4.7675502557612415,33.85570943135425,3.0321640625000015,2.525499999999994,3.1587968750000073,116.83720194870888,160.9381648348413,68.74352368468746,3.0321640625000015,7.657730339843735,8.845496526958573,23.7079033378898,7.101280031698053,0.4046215961597836,1.0417631796597437,4.42111538652654,Small,47.29836751830459
VL_dorsal_s4_23.stl,VL,Dorsal,S4,23,29736,3.5714414810282453,67.77900047154075,8.337976562500003,2.866085937500003,11.86321484375,125.073889566291,128.8065878273074,57.14290754280026,8.337976562500003,23.897357372985873,40.00475867219098,90.846444723744,18.978051532298007,0.16670603546790877,1.4227930187648565,2.836255047520849,Medium,15.831552433344138
VL_dorsal_s4_24.stl,VL,Dorsal,S4,24,15630,4.230939077733947,39.294734696776885,4.113187500000009,3.8711562499999985,2.9411640625000004,122.29512503415575,129.20269891234807,60.433016375093295,4.113187500000009,15.922791498046905,12.246882201386892,31.579082650000846,9.287473531248008,0.3219395095769009,0.7150571333059808,2.467829507256739,Small,24.75601342480298
VL_dorsal_s4_25.stl,VL,Dorsal,S4,25,19908,3.7528578185044665,47.3513503675409,3.6218046875000027,3.0609999999999786,3.2551601562499997,122.33540123461151,133.22605542369902,61.034422407266135,3.6218046875000027,11.086344148437432,13.083590839654793,31.33728414043153,12.617411225669793,0.24663790896596333,0.8987674480306987,4.271142022432603,Small,26.387334742041556
VL_ventral_s2_ (1).stl,VL,Ventral,S2, (1),42880,5.706774442872612,92.69553270530173,5.128765625,6.5878125000000125,5.119328124999996,222.6741160339659,147.82487732176517,56.17306769627813,6.5878125000000125,33.787346293945376,35.252000567405595,67.75336041172999,16.24306929128282,0.1666041409630442,0.7770907452208128,2.743498465338563,Medium,13.200849827613961
VL_ventral_s2_ (10).stl,VL,Ventral,S2, (10),45216,4.896720022167915,96.80506453975825,7.669937500000003,5.900656249999997,6.302320312500001,229.75083123599316,156.0760125289813,74.83391196562057,7.669937500000003,45.25766464648437,71.60687704199258,102.49432026372824,19.769368904391627,0.14405319480220352,0.8216912214082577,2.1389761335658775,Medium,63.81862122618698
VL_ventral_s2_ (11).stl,VL,Ventral,S2, (11),14624,4.863024311087802,36.401177127483614,4.430296874999982,2.9980937500000095,4.620085937499994,227.13815086537258,159.37741264075035,61.67236918870522,4.430296874999982,13.28244537158202,18.01930107785465,40.29051723084164,7.485296144723795,0.381334697782735,1.042838903995573,2.740547851630126,Small,28.117773294620335
VL_ventral_s2_ (12).stl,VL,Ventral,S2, (12),46074,11.67738732632375,113.7244791541674,10.73432812499999,3.821796875000018,14.215367187500007,231.1216175085415,158.27539394054492,72.6657105731631,10.73432812499999,41.02442168334977,156.10481948847035,199.76739215055258,9.738863324144777,0.21887389087834777,1.3242903535241075,2.7721165707577486,Medium,57.93734807233586
VL_ventral_s2_ (13).stl,VL,Ventral,S2, (13),61636,9.751957392916491,138.82835271936227,4.6537656250000055,4.928937499999989,8.13401562499999,228.42395074450872,161.42342336645115,70.52350447401547,4.928937499999989,22.938119905273414,61.08700350906653,91.38381433191307,14.23594742325297,0.15900123004114017,1.6502574084171298,6.052298675422217,Small,52.12658747382278
VL_ventral_s2_ (14).stl,VL,Ventral,S2, (14),31328,4.177374451260516,67.82676327522336,5.6794062499999995,5.3426874999999825,4.8684453125000005,230.03512164487435,159.74975219385746,78.41172833640566,5.6794062499999995,30.343292779296775,39.97935514891272,67.9459817640576,16.236697013062052,0.18493479739460922,0.857210260755691,2.2353132129912265,Medium,73.52349248219973
VL_ventral_s2_ (15).stl,VL,Ventral,S2, (15),37820,5.529901131004038,83.06717339804193,4.502046875000019,3.696078125000014,4.802843749999994,228.3086376013573,164.47843084126566,74.2471482489699,4.502046875000019,16.63991697241224,27.270504776320983,50.138698194072035,15.02145724311708,0.18205373905667124,1.0668133592011908,4.992042540582456,Small,62.22701737130699
VL_ventral_s2_ (16).stl,VL,Ventral,S2, (16),24024,4.91982387846795,56.042540201746405,3.168546875000004,3.481812500000018,6.445953125000003,228.17785688855415,167.1740140291566,70.75444371188708,3.481812500000018,11.032286116211008,20.83146036119637,46.83033697937315,11.391167973923132,0.2496123198067089,1.8513211509809817,5.079866458448413,Small,52.753013019249494
VL_ventral_s2_ (17).stl,VL,Ventral,S2, (17),85938,9.658932336042602,169.5133813291334,5.894187500000015,8.613828124999998,7.911367187500005,229.08609392963533,169.31064891858813,79.61899479560604,8.613828124999998,50.77151806152356,99.11789575745989,126.10171875917199,17.549908771654714,0.1293896545405992,0.9184496222462074,3.338749515500436,Medium,76.7982177179365
VL_ventral_s2_ (18).stl,VL,Ventral,S2, (18),36496,4.540699128828455,79.90430641035319,11.885125000000016,3.9344531250000045,6.302343750000006,231.12764609934425,165.75180154574588,84.13760859295083,11.885125000000016,46.761467197265745,94.3468654701747,131.24289647281674,17.597357619016982,0.16595706889887699,0.5302715579348132,1.708763886155937,Medium,89.05501365552436
VL_ventral_s2_ (19).stl,VL,Ventral,S2, (19),48770,6.841778786047794,100.84725415674048,7.032218749999998,6.122250000000008,5.673031249999994,230.82278711426085,164.5715122747719,80.34501094572312,7.032218749999998,43.05300124218755,60.24507074621253,91.13554343564283,14.73991739727026,0.1728221480198269,0.8067199630273155,2.34239777128291,Medium,78.76754552475353
VL_ventral_s2_ (2).stl,VL,Ventral,S2, (2),64936,11.6635223380665,145.56298418313176,7.6315937500000075,7.511890625000007,9.346515624999995,226.91214594369845,143.5877351965621,62.56810503926061,7.6315937500000075,57.3276975444337,115.5076538910271,156.08424035306706,12.480190800342928,0.1708649528205222,1.2247134649954323,2.5391388529132612,Medium,30.547467892704926
VL_ventral_s2_ (20).stl,VL,Ventral,S2, (20),40528,5.328975477367733,88.12145877942316,3.6800156249999816,4.7595156249999775,5.323757812500006,228.982869999085,174.60825441965534,85.04110532571617,4.7595156249999775,17.51509186743147,23.39329565366881,48.13538106023224,16.536285286670353,0.1674293512214212,1.1185503383025517,5.03117308469738,Small,91.50575974280659
VL_ventral_s2_ (21).stl,VL,Ventral,S2, (21),87760,11.542983217833683,198.0105337428594,6.675718749999987,9.601812499999994,8.027406249999999,230.88743485446815,170.74252294539082,86.07217875538876,9.601812499999994,64.09899974023422,117.16116847863513,143.78701277377706,17.15419055941596,0.12474061270166138,0.8360303067780175,3.0891360948737305,Medium,94.30255920187784
VL_ventral_s2_ (22).stl,VL,Ventral,S2, (22),35382,5.532826035762807,81.74375689931463,8.969484374999979,5.202046875000008,7.282234374999987,233.08505736173524,143.25020335507816,74.29374578145904,8.969484374999979,46.659678163330035,90.80607220672137,120.89069223114234,14.77432262842594,0.18506638463284533,0.8118899671978084,1.7519142891036328,Medium,62.353413755802165
VL_ventral_s2_ (23).stl,VL,Ventral,S2, (23),20392,4.565682267657719,51.10433842476877,7.384218749999974,2.975999999999999,4.658906250000001,234.47012113129537,147.32734876039012,73.68922919795446,7.384218749999974,21.975434999999916,19.747605669502867,47.53786750164764,11.193143856457242,0.2604334779254688,0.6309274423919278,2.325521129605351,Medium,60.713655029518165
VL_ventral_s2_ (24).stl,VL,Ventral,S2, (24),32732,4.9496405132796,65.75805311412259,3.730343750000003,5.8433437500000025,5.229398437499995,233.95766684870054,145.7202532731094,80.31091040845605,5.8433437500000025,21.79768083691409,25.64060133437892,50.206021392003684,13.285420009331492,0.2135916560625432,0.8949325354168994,3.0167453870946757,Medium,78.67504739470972
VL_ventral_s2_ (25).stl,VL,Ventral,S2, (25),85874,12.043181691199788,187.04919833219537,5.877921874999998,9.055999999999983,8.375125000000011,233.18856036605956,152.5105638685264,78.44234900785477,9.055999999999983,53.230460499999886,131.0553774086853,161.5322381469301,15.531543335336064,0.1358383608206406,0.9248150397526531,3.5139504068764493,Medium,73.60655143307626
VL_ventral_s2_ (3).stl,VL,Ventral,S2, (3),35018,4.278318587316577,74.68235012516143,4.039687499999985,4.1659375000000125,4.166812499999999,225.10443005323452,151.77484801283742,59.110393015920685,4.1659375000000125,16.82908564453124,24.5740966169415,46.73788035269015,17.456004876907325,0.1706533806553371,1.000210036756429,4.437695053826654,Small,21.168381167938808
VL_ventral_s2_ (4).stl,VL,Ventral,S2, (4),81182,15.238382137092584,185.71688059056189,7.855671875000013,9.97926562500001,16.250082031250003,224.61530747650085,161.72295766553083,63.05291724330311,9.97926562500001,78.39383630346701,165.84480126051574,214.52748675444548,12.187440826706807,0.16005109544792376,1.628384556729342,2.3690240119343215,Medium,31.862527005854396
VL_ventral_s2_ (5).stl,VL,Ventral,S2, (5),30322,4.761567814009772,63.639197873547154,4.354968749999983,4.637812500000024,5.125464843750009,226.48514058892886,154.42724734172657,62.07471488377181,4.637812500000024,20.197528505859403,26.7225884149394,51.35836963989126,13.365177260797182,0.21507639249595656,1.1051470588235257,3.1508408494180418,Small,29.20914097992595
VL_ventral_s2_ (6).stl,VL,Ventral,S2, (6),30772,4.699773773324394,71.67197722483718,4.412374999999997,3.1047968750000052,3.5399570312500046,223.23040107907215,166.2848198326604,59.54290264159754,4.412374999999997,13.69952811132814,16.247269252003196,35.84828653741357,15.250090894085709,0.18931544261789932,0.802279278449816,5.2317113876040455,Small,22.341568888933867
VL_ventral_s2_ (7).stl,VL,Ventral,S2, (7),38494,5.422231836358719,81.01041551387729,3.4136718750000057,4.742374999999981,6.553527343749998,227.4771844395934,149.68577929149674,63.33158582861533,4.742374999999981,16.188912158203088,24.46703519819591,53.91618526065229,14.940418993275571,0.18424483408892733,1.3819082935765359,5.004067890554862,Small,32.61841899786204
VL_ventral_s2_ (8).stl,VL,Ventral,S2, (8),33980,4.921139228662951,78.58815837781019,7.169890624999994,5.261265625000021,5.0803203124999925,228.0016606922577,154.2660343467971,67.88219288383485,7.169890624999994,37.722699080322386,43.030714600040994,75.18674008770229,15.969505174752433,0.17803447748361753,0.7085631536394598,2.083312177913717,Medium,44.96199704402037
VL_ventral_s2_ (9).stl,VL,Ventral,S2, (9),33080,4.0896266664849135,73.07721228852853,2.6336562500000014,5.4429531250000025,3.709835937500003,228.48019835090437,154.6967237912825,66.30077309981641,5.4429531250000025,14.334867516113295,14.473354398797614,36.72989813548961,17.86892013576861,0.16923541941350592,0.6815851344484987,5.097864504599372,Medium,40.67237627674699
VL_ventral_s4_ (1).stl,VL,Ventral,S4, (1),22742,2.5161417285691003,48.62591824003381,8.541796874999989,3.264125000000007,3.7517812499999934,219.72728119182935,168.35811856618994,82.17500796720184,8.541796874999989,27.881492724609398,12.575122214401354,38.002310572256334,19.325587938039877,0.18398102856180149,0.4392262313074494,1.7440213377497717,Medium,83.7314351299768
VL_ventral_s4_ (14).stl,VL,Ventral,S4, (14),28566,4.3507172452393705,66.49043955708929,6.926265625000013,2.7432812499999955,4.662117187499987,225.19518164276735,153.4545963813333,84.64592560220557,6.926265625000013,19.000694621582035,24.559054445295892,52.39925579939886,15.282638656843137,0.1938349827664375,0.6731069005890138,3.499368885259899,Medium,90.43382984417526
VL_ventral_s4_ (15).stl,VL,Ventral,S4, (15),38814,4.8131667829732985,90.33520828124969,15.57640625000002,2.4814218749999952,8.660359374999999,225.9464290529298,157.0553475688272,82.6747449387356,15.57640625000002,38.65163520263669,49.37573469559913,114.37019078687283,18.768351971681682,0.15260930510502757,0.5559921355415334,2.3371639468202194,Large,85.08697785995226
VL_ventral_s4_ (19).stl,VL,Ventral,S4, (19),12432,3.73023574054041,31.539994209874706,6.9841249999999775,2.1524843750000002,3.6456406249999986,225.03329861990898,161.04873852004908,85.10380139018761,6.9841249999999775,15.033219935546828,13.821342289482272,36.99740927575676,8.455228142043756,0.36879076267057115,0.5219896014175018,2.0980198749901047,Medium,91.6758235948596
VL_ventral_s4_ (2).stl,VL,Ventral,S4, (2),34464,4.414356513731816,79.73736558070317,9.104640625000002,4.47442187499999,4.526843749999998,221.01838999511568,167.0152452652889,82.96846864066187,9.104640625000002,40.738003176513594,41.07054482560128,74.2357130957629,18.063191165612192,0.16320514464221478,0.49720180471153924,1.9573214041741156,Medium,85.88370704239723
VL_ventral_s4_ (21).stl,VL,Ventral,S4, (21),38788,5.963528409557041,82.04513755916612,19.456312499999996,3.896937500000007,7.561796875000013,225.62128843864937,171.19401306742745,80.707174063781,19.456312499999996,75.82003379296887,87.28017648095444,156.09790077253555,13.757817842819714,0.19383556835274635,0.3886551922415933,1.082103679658008,Large,79.74991747182375
VL_ventral_s4_ (22).stl,VL,Ventral,S4, (22),17246,1.8877065432755356,38.60948390895526,9.703562500000004,5.724968749999988,6.236507812500008,224.84524558140293,172.64899829549847,81.81511193024228,9.703562500000004,55.55259207617178,20.18279798816576,58.89043450314512,20.453117592080996,0.19131386642249246,0.6427029055050664,0.6950077839034997,Medium,82.7552126684883
VL_ventral_s4_ (23).stl,VL,Ventral,S4, (23),18646,3.9276509189997104,43.251189157680024,9.325406249999986,5.563203125000001,6.518171875000007,216.96962002239084,175.13653707760156,84.28852224365592,9.325406249999986,51.879129191894464,25.42877900712684,66.23573817916447,11.011973836181753,0.27833938270013947,0.6989692138077113,0.8336915023708135,Medium,89.46436880377263
VL_ventral_s4_ (24).stl,VL,Ventral,S4, (24),39608,4.546570632100506,86.78702144060625,11.455796875000004,6.2985468749999995,6.826734375000001,216.40099695295143,177.30138046764543,85.85596150444933,11.455796875000004,72.15487360766603,39.78270234918169,84.95562444121349,19.08845775491908,0.1529273991689777,0.5959196422117077,1.2027880737828032,Medium,93.71606722849694
VL_ventral_s4_ (25).stl,VL,Ventral,S4, (25),60990,6.819680494944625,129.3667944295483,14.078296874999978,3.594562499999995,11.872332031249996,222.80592693841544,143.5596238297262,71.89451468333266,14.078296874999978,50.60531801074204,96.5814514024645,159.37797886434677,18.969626879946482,0.13443241267920583,0.8433074069018036,2.556387342573116,Medium,55.84546966150275
VL_ventral_s4_ (26).stl,VL,Ventral,S4, (26),68682,10.59147413284532,154.96649528241113,13.870499999999993,5.191296875000006,8.624960937499992,224.21472412023593,152.72351642245542,73.95382739245727,13.870499999999993,72.00588330468754,168.329298422973,197.34371817272222,14.631248996949639,0.15050488165686304,0.6218204778126236,2.152136577877698,Medium,61.43138091204011
VL_ventral_s4_ (27).stl,VL,Ventral,S4, (27),34020,4.604025680360157,78.25682532377154,16.698687500000005,5.210828125000006,8.610328124999995,223.21191192435822,160.53168466863855,74.47056001700899,16.698687500000005,87.01399047558607,66.23429719662983,128.13200806951886,16.997478023982218,0.17102268627932285,0.5156290352160906,0.8993591133569311,Large,62.833024561503215
VL_ventral_s4_ (28).stl,VL,Ventral,S4, (28),29962,4.555970077163189,68.13746906564892,9.083750000000009,3.714156250000002,7.462445312500009,220.81352655585965,162.5448202087227,76.66053932055256,9.083750000000009,33.73846683593755,33.60846178325434,74.77032118236045,14.955644552449574,0.19505273096441658,0.8215159281684328,2.019578109372481,Medium,68.77337056913218
VL_ventral_s4_ (29).stl,VL,Ventral,S4, (29),33448,4.829531018433645,75.76977601960213,14.172609374999979,4.304781249999991,6.715281250000004,223.5990591250473,164.2133753430387,82.13253017588247,14.172609374999979,61.009983101074,32.43364687649533,77.91092889354267,15.68884757762182,0.18235797497661044,0.47382109196105704,1.2419242256480532,Medium,83.6162135944725
VL_ventral_s4_ (30).stl,VL,Ventral,S4, (30),29492,4.440025004349698,64.60714820963626,12.878515625000006,3.9222812499999975,7.5961093749999975,223.61379975819713,161.8466849281514,83.08708084793122,12.878515625000006,50.51316036376952,32.6589245586863,81.9124701487827,14.55107756067668,0.20220590320526466,0.5898280202614573,1.2790161562723292,Medium,86.20544412492056
VL_ventral_s4_ (31).stl,VL,Ventral,S4, (31),23652,4.345047147200631,51.754759358763195,10.720265624999996,3.282624999999996,6.056789062500002,222.65579696572524,160.9298453447383,79.03976803626544,10.720265624999996,35.190611947265566,25.112661056072536,61.32442952511951,11.91120777414511,0.24880751463534792,0.5649849802578939,1.4706979076214877,Medium,75.22705795318745
VL_ventral_s4_ (32).stl,VL,Ventral,S4, (32),20858,4.059516693541631,44.99283799722605,14.09518749999998,3.248062500000003,8.302500000000009,222.74782821239648,166.89332709696717,77.34240994337704,14.09518749999998,45.78204994921873,32.9895071047068,86.81521617122203,11.083299169284384,0.27352075782061464,0.5890308305583037,0.9827615418517066,Medium,70.62295308594445
VL_ventral_s4_ (4).stl,VL,Ventral,S4, (4),37208,4.446835516013973,82.95321225362599,17.85789062500001,7.791125000000022,5.235664062499993,224.35653346362565,167.19908352398454,85.40676479688508,17.85789062500001,139.1330580957036,52.9656084507086,117.97500041770206,18.65443683601391,0.15764672756215972,0.29318491038187716,0.5962149714021672,Large,92.49761559103094
VL_ventral_s4_ (5).stl,VL,Ventral,S4, (5),27218,5.367700156671465,64.73000096630936,16.492765624999976,4.117906250000004,8.085820312500005,223.70929961464688,169.829231929659,84.03918227922851,16.492765624999976,67.91566264697262,51.597664101361964,110.90365846134276,12.059168559528617,0.22903613670371784,0.4902646709684275,0.9530938585224087,Large,88.78803105946973
VL_ventral_s4_ (7).stl,VL,Ventral,S4, (7),34466,4.320582921028575,79.97569006263411,17.351921874999988,3.530124999999998,5.358523437500011,227.0786071753685,144.42483118387202,81.4629655276214,17.351921874999988,61.2544532089843,64.95364940435344,124.18771567750693,18.51039351041891,0.16040615355789986,0.30881440546481337,1.3056306255771775,Large,81.80001118620717
VL_ventral_s4_ (9).stl,VL,Ventral,S4, (9),30914,4.386691265658409,70.04383634720642,15.752453124999988,2.6221718749999923,6.271953124999996,227.2048740162561,148.33477699474753,82.35665686250229,15.752453124999988,41.30563954663071,43.630176914086945,98.61604698218657,15.967350357101864,0.18501442051366102,0.39815723146295673,1.6957451117088413,Large,84.22416001018104
